Phase,Stack,Mode,Profile,Dataset,BookCount,Scenario,Status,ProcessRuns,PassSamples,FailedSamples,UnsupportedSamples,cache_database_bytes_count,cache_database_bytes_max,cache_database_bytes_mean,cache_database_bytes_median,cache_database_bytes_min,cache_database_bytes_p90,cache_database_bytes_stdev,cumulative_dirty_screen_equivalents_count,cumulative_dirty_screen_equivalents_max,cumulative_dirty_screen_equivalents_mean,cumulative_dirty_screen_equivalents_median,cumulative_dirty_screen_equivalents_min,cumulative_dirty_screen_equivalents_p90,cumulative_dirty_screen_equivalents_stdev,forced_gc_live_heap_kb_count,forced_gc_live_heap_kb_max,forced_gc_live_heap_kb_mean,forced_gc_live_heap_kb_median,forced_gc_live_heap_kb_min,forced_gc_live_heap_kb_p90,forced_gc_live_heap_kb_stdev,full_refreshes_count,full_refreshes_max,full_refreshes_mean,full_refreshes_median,full_refreshes_min,full_refreshes_p90,full_refreshes_stdev,largest_single_dirty_pct_count,largest_single_dirty_pct_max,largest_single_dirty_pct_mean,largest_single_dirty_pct_median,largest_single_dirty_pct_min,largest_single_dirty_pct_p90,largest_single_dirty_pct_stdev,lua_heap_delta_kb_count,lua_heap_delta_kb_max,lua_heap_delta_kb_mean,lua_heap_delta_kb_median,lua_heap_delta_kb_min,lua_heap_delta_kb_p90,lua_heap_delta_kb_stdev,natural_lua_heap_kb_count,natural_lua_heap_kb_max,natural_lua_heap_kb_mean,natural_lua_heap_kb_median,natural_lua_heap_kb_min,natural_lua_heap_kb_p90,natural_lua_heap_kb_stdev,partial_refreshes_count,partial_refreshes_max,partial_refreshes_mean,partial_refreshes_median,partial_refreshes_min,partial_refreshes_p90,partial_refreshes_stdev,refresh_count_count,refresh_count_max,refresh_count_mean,refresh_count_median,refresh_count_min,refresh_count_p90,refresh_count_stdev,rss_kb_count,rss_kb_max,rss_kb_mean,rss_kb_median,rss_kb_min,rss_kb_p90,rss_kb_stdev,set_dirty_calls_count,set_dirty_calls_max,set_dirty_calls_mean,set_dirty_calls_median,set_dirty_calls_min,set_dirty_calls_p90,set_dirty_calls_stdev,total_bytes_count,total_bytes_max,total_bytes_mean,total_bytes_median,total_bytes_min,total_bytes_p90,total_bytes_stdev,unique_dirty_pct_count,unique_dirty_pct_max,unique_dirty_pct_mean,unique_dirty_pct_median,unique_dirty_pct_min,unique_dirty_pct_p90,unique_dirty_pct_stdev,wall_time_ms_count,wall_time_ms_max,wall_time_ms_mean,wall_time_ms_median,wall_time_ms_min,wall_time_ms_p90,wall_time_ms_stdev
bookends_control,A_stock,warm,bookends_control,real_2692,2692,change_sort_mode,PASS,1,10,0,0,,,,,,,,10,2.000000,2.000000,2.000000,2.000000,2.000000,0.000000,,,,,,,,10,2.000000,2.000000,2.000000,2.000000,2.000000,0.000000,10,100.000000,100.000000,100.000000,100.000000,100.000000,0.000000,10,556.073242,-76.746875,503.322754,-2621.751953,520.180469,1242.816108,10,11190.191406,9825.576367,9930.174316,8572.599609,10868.846582,950.707025,10,0.000000,0.000000,0.000000,0.000000,0.000000,0.000000,10,2.000000,2.000000,2.000000,2.000000,2.000000,0.000000,10,189040.000000,189040.000000,189040.000000,189040.000000,189040.000000,0.000000,10,2.000000,2.000000,2.000000,2.000000,2.000000,0.000000,,,,,,,,10,100.000000,100.000000,100.000000,100.000000,100.000000,0.000000,10,17.901000,11.832700,10.705000,8.999000,16.884000,3.079309
bookends_control,A_stock,warm,bookends_control,real_2692,2692,close_book,PASS,1,10,0,0,,,,,,,,10,3.098301,3.098301,3.098301,3.098301,3.098301,0.000000,,,,,,,,10,3.000000,3.000000,3.000000,3.000000,3.000000,0.000000,10,100.000000,100.000000,100.000000,100.000000,100.000000,0.000000,10,1546.430664,1023.227734,1146.155273,-826.866211,1344.653125,663.794739,10,14356.853516,13234.076074,13478.125000,11220.611328,14014.379785,880.628086,10,1.000000,1.000000,1.000000,1.000000,1.000000,0.000000,10,4.000000,4.000000,4.000000,4.000000,4.000000,0.000000,10,348960.000000,348960.000000,348960.000000,348960.000000,348960.000000,0.000000,10,4.000000,4.000000,4.000000,4.000000,4.000000,0.000000,,,,,,,,10,100.000000,100.000000,100.000000,100.000000,100.000000,0.000000,10,31.382000,18.508800,17.832500,12.920000,20.314700,4.914080
bookends_control,A_stock,warm,bookends_control,real_2692,2692,home_to_library,PASS,1,10,0,0,,,,,,,,10,1.000000,1.000000,1.000000,1.000000,1.000000,0.000000,,,,,,,,10,1.000000,1.000000,1.000000,1.000000,1.000000,0.000000,10,100.000000,100.000000,100.000000,100.000000,100.000000,0.000000,10,525.920898,-572.096484,451.667480,-9882.472656,518.898438,3271.646321,10,18235.279297,13819.799219,16064.143555,8356.416016,17824.758887,4216.029230,10,0.000000,0.000000,0.000000,0.000000,0.000000,0.000000,10,1.000000,1.000000,1.000000,1.000000,1.000000,0.000000,10,187808.000000,185740.800000,186392.000000,181792.000000,187808.000000,2274.700117,10,1.000000,1.000000,1.000000,1.000000,1.000000,0.000000,,,,,,,,10,100.000000,100.000000,100.000000,100.000000,100.000000,0.000000,10,20.651000,12.105800,11.484500,8.963000,13.552700,3.200303
bookends_control,A_stock,warm,bookends_control,real_2692,2692,library_first_render,PASS,1,10,0,0,,,,,,,,10,1.000000,1.000000,1.000000,1.000000,1.000000,0.000000,,,,,,,,10,1.000000,1.000000,1.000000,1.000000,1.000000,0.000000,10,100.000000,100.000000,100.000000,100.000000,100.000000,0.000000,10,575.441406,49.543555,465.141113,-1870.026367,522.181445,932.626683,10,10239.918945,9193.933301,9122.013672,8314.728516,9904.193457,637.059661,10,0.000000,0.000000,0.000000,0.000000,0.000000,0.000000,10,1.000000,1.000000,1.000000,1.000000,1.000000,0.000000,10,188672.000000,188024.000000,187824.000000,187824.000000,188672.000000,354.436015,10,1.000000,1.000000,1.000000,1.000000,1.000000,0.000000,,,,,,,,10,100.000000,100.000000,100.000000,100.000000,100.000000,0.000000,10,17.794000,11.997500,10.870000,10.118000,17.020000,2.867146
bookends_control,A_stock,warm,bookends_control,real_2692,2692,library_folder_back,PASS,1,10,0,0,,,,,,,,10,1.098301,1.098301,1.098301,1.098301,1.098301,0.000000,,,,,,,,10,1.000000,1.000000,1.000000,1.000000,1.000000,0.000000,10,100.000000,100.000000,100.000000,100.000000,100.000000,0.000000,10,404.682617,231.886328,366.166016,-1032.947266,391.289844,444.825979,10,9982.056641,9231.229395,9290.658203,8579.751953,9917.081738,486.250791,10,1.000000,1.000000,1.000000,1.000000,1.000000,0.000000,10,2.000000,2.000000,2.000000,2.000000,2.000000,0.000000,10,189040.000000,189028.800000,189024.000000,189024.000000,189040.000000,7.728734,10,2.000000,2.000000,2.000000,2.000000,2.000000,0.000000,,,,,,,,10,100.000000,100.000000,100.000000,100.000000,100.000000,0.000000,10,20.646000,13.022300,12.706000,9.629000,14.759100,3.079135
bookends_control,A_stock,warm,bookends_control,real_2692,2692,library_folder_enter,PASS,1,10,0,0,,,,,,,,10,1.098301,1.098301,1.098301,1.098301,1.098301,0.000000,,,,,,,,10,1.000000,1.000000,1.000000,1.000000,1.000000,0.000000,10,100.000000,100.000000,100.000000,100.000000,100.000000,0.000000,10,301.037109,66.650879,206.010742,-1314.180664,289.063770,487.073951,10,9569.325195,9065.933496,9028.310547,8534.205078,9498.228711,355.007814,10,1.000000,1.000000,1.000000,1.000000,1.000000,0.000000,10,2.000000,2.000000,2.000000,2.000000,2.000000,0.000000,10,189024.000000,188971.200000,188976.000000,188896.000000,189024.000000,45.910057,10,2.000000,2.000000,2.000000,2.000000,2.000000,0.000000,,,,,,,,10,100.000000,100.000000,100.000000,100.000000,100.000000,0.000000,10,19.033000,11.317400,10.918000,8.719000,12.356800,2.903468
bookends_control,A_stock,warm,bookends_control,real_2692,2692,library_next_page,UNSUPPORTED,1,0,0,10,,,,,,,,,,,,,,,,,,,,,,,,,,,,,,,,,,,,,,,,,,,,,,,,,,,,,,,,,,,,,,,,,,,,,,,,,,,,,,,,,,,,,,,,,,,,,,,,,,
bookends_control,A_stock,warm,bookends_control,real_2692,2692,library_prev_page,UNSUPPORTED,1,0,0,10,,,,,,,,,,,,,,,,,,,,,,,,,,,,,,,,,,,,,,,,,,,,,,,,,,,,,,,,,,,,,,,,,,,,,,,,,,,,,,,,,,,,,,,,,,,,,,,,,,
bookends_control,A_stock,warm,bookends_control,real_2692,2692,open_book,PASS,1,10,0,0,,,,,,,,10,9.000000,8.900000,9.000000,8.000000,9.000000,0.316228,,,,,,,,10,9.000000,8.900000,9.000000,8.000000,9.000000,0.316228,10,100.000000,100.000000,100.000000,100.000000,100.000000,0.000000,10,1446.468750,837.380762,1166.210938,-647.814453,1342.333301,705.660126,10,13268.795898,12311.929883,12345.761719,11435.392578,13011.787891,573.712069,10,0.000000,0.000000,0.000000,0.000000,0.000000,0.000000,10,9.000000,8.900000,9.000000,8.000000,9.000000,0.316228,10,338272.000000,337841.600000,338144.000000,337008.000000,338243.200000,530.630485,10,9.000000,8.900000,9.000000,8.000000,9.000000,0.316228,,,,,,,,10,100.000000,100.000000,100.000000,100.000000,100.000000,0.000000,10,85.618000,54.061100,50.814000,33.957000,80.607700,16.434855
bookends_control,A_stock,warm,bookends_control,real_2692,2692,open_book_minimal,PASS,1,10,0,0,,,,,,,,10,0.000000,0.000000,0.000000,0.000000,0.000000,0.000000,,,,,,,,10,0.000000,0.000000,0.000000,0.000000,0.000000,0.000000,10,0.000000,0.000000,0.000000,0.000000,0.000000,0.000000,10,1512.062500,-124.955664,-88.311523,-2407.701172,1457.734668,1479.518005,10,11566.208984,10930.404785,11369.551758,10104.943359,11547.954102,686.641537,10,0.000000,0.000000,0.000000,0.000000,0.000000,0.000000,10,0.000000,0.000000,0.000000,0.000000,0.000000,0.000000,10,336816.000000,320465.600000,328200.000000,285264.000000,336729.600000,17358.990570,10,0.000000,0.000000,0.000000,0.000000,0.000000,0.000000,,,,,,,,10,0.000000,0.000000,0.000000,0.000000,0.000000,0.000000,10,236.514000,109.646000,101.700000,53.946000,133.863600,50.312068
bookends_control,A_stock,warm,bookends_control,real_2692,2692,reader_page_turn,PASS,1,10,0,0,,,,,,,,10,1.000000,1.000000,1.000000,1.000000,1.000000,0.000000,,,,,,,,10,1.000000,1.000000,1.000000,1.000000,1.000000,0.000000,10,100.000000,100.000000,100.000000,100.000000,100.000000,0.000000,10,41.660156,20.500195,16.224609,11.423828,31.882324,9.865711,10,13240.701172,12549.132324,12724.297852,11145.541992,13138.383301,675.842166,10,0.000000,0.000000,0.000000,0.000000,0.000000,0.000000,10,1.000000,1.000000,1.000000,1.000000,1.000000,0.000000,10,348960.000000,348960.000000,348960.000000,348960.000000,348960.000000,0.000000,10,1.000000,1.000000,1.000000,1.000000,1.000000,0.000000,,,,,,,,10,100.000000,100.000000,100.000000,100.000000,100.000000,0.000000,10,9.510000,7.813700,8.578000,4.050000,9.375900,1.967491
bookends_control,A_stock,warm,bookends_control,real_2692,2692,start_to_home,UNSUPPORTED,1,0,0,10,,,,,,,,,,,,,,,,,,,,,,,,,,,,,,,,,,,,,,,,,,,,,,,,,,,,,,,,,,,,,,,,,,,,,,,,,,,,,,,,,,,,,,,,,,,,,,,,,,
bookends_control,K_stock_bookends,warm,bookends_control,real_2692,2692,change_sort_mode,PASS,1,10,0,0,,,,,,,,10,2.000000,2.000000,2.000000,2.000000,2.000000,0.000000,,,,,,,,10,2.000000,2.000000,2.000000,2.000000,2.000000,0.000000,10,100.000000,100.000000,100.000000,100.000000,100.000000,0.000000,10,546.055664,0.278223,497.815430,-2123.391602,541.266504,1078.586572,10,11300.672852,10261.947656,10287.978027,9180.765625,11234.109766,760.441903,10,0.000000,0.000000,0.000000,0.000000,0.000000,0.000000,10,2.000000,2.000000,2.000000,2.000000,2.000000,0.000000,10,191120.000000,191110.400000,191104.000000,191104.000000,191120.000000,8.262364,10,2.000000,2.000000,2.000000,2.000000,2.000000,0.000000,,,,,,,,10,100.000000,100.000000,100.000000,100.000000,100.000000,0.000000,10,24.162000,12.623600,10.856000,9.762000,16.820700,4.442778
bookends_control,K_stock_bookends,warm,bookends_control,real_2692,2692,close_book,PASS,1,10,0,0,,,,,,,,10,3.098301,3.098301,3.098301,3.098301,3.098301,0.000000,,,,,,,,10,3.000000,3.000000,3.000000,3.000000,3.000000,0.000000,10,100.000000,100.000000,100.000000,100.000000,100.000000,0.000000,10,1617.388672,959.219434,1223.312012,-952.958008,1555.044336,824.621820,10,23823.897461,22756.817383,22636.070312,21827.374023,23791.285645,792.637431,10,1.000000,1.000000,1.000000,1.000000,1.000000,0.000000,10,4.000000,4.000000,4.000000,4.000000,4.000000,0.000000,10,355152.000000,355152.000000,355152.000000,355152.000000,355152.000000,0.000000,10,4.000000,4.000000,4.000000,4.000000,4.000000,0.000000,,,,,,,,10,100.000000,100.000000,100.000000,100.000000,100.000000,0.000000,10,60.585000,26.865700,20.583500,13.280000,55.774500,16.722045
bookends_control,K_stock_bookends,warm,bookends_control,real_2692,2692,home_to_library,PASS,1,10,0,0,,,,,,,,10,1.000000,1.000000,1.000000,1.000000,1.000000,0.000000,,,,,,,,10,1.000000,1.000000,1.000000,1.000000,1.000000,0.000000,10,100.000000,100.000000,100.000000,100.000000,100.000000,0.000000,10,521.711914,-580.757031,456.996094,-10022.310547,502.291602,3317.522002,10,19033.181641,15195.534082,16935.598145,9014.074219,18601.634277,4019.057979,10,0.000000,0.000000,0.000000,0.000000,0.000000,0.000000,10,1.000000,1.000000,1.000000,1.000000,1.000000,0.000000,10,190032.000000,187068.800000,187376.000000,182656.000000,190017.600000,2749.019575,10,1.000000,1.000000,1.000000,1.000000,1.000000,0.000000,,,,,,,,10,100.000000,100.000000,100.000000,100.000000,100.000000,0.000000,10,20.186000,11.916900,11.211000,9.819000,12.912200,2.987660
bookends_control,K_stock_bookends,warm,bookends_control,real_2692,2692,library_first_render,PASS,1,10,0,0,,,,,,,,10,1.000000,1.000000,1.000000,1.000000,1.000000,0.000000,,,,,,,,10,1.000000,1.000000,1.000000,1.000000,1.000000,0.000000,10,100.000000,100.000000,100.000000,100.000000,100.000000,0.000000,10,557.087891,96.656641,450.401855,-1451.291992,525.773340,812.148465,10,10401.579102,9693.987988,9711.668945,8939.332031,10389.300781,518.358779,10,0.000000,0.000000,0.000000,0.000000,0.000000,0.000000,10,1.000000,1.000000,1.000000,1.000000,1.000000,0.000000,10,190624.000000,190624.000000,190624.000000,190624.000000,190624.000000,0.000000,10,1.000000,1.000000,1.000000,1.000000,1.000000,0.000000,,,,,,,,10,100.000000,100.000000,100.000000,100.000000,100.000000,0.000000,10,17.507000,12.985500,11.369500,9.607000,17.234300,3.125492
bookends_control,K_stock_bookends,warm,bookends_control,real_2692,2692,library_folder_back,PASS,1,10,0,0,,,,,,,,10,1.098301,1.098301,1.098301,1.098301,1.098301,0.000000,,,,,,,,10,1.000000,1.000000,1.000000,1.000000,1.000000,0.000000,10,100.000000,100.000000,100.000000,100.000000,100.000000,0.000000,10,431.156250,-44.542676,349.178711,-1290.584961,387.894727,683.192348,10,10501.864258,9718.727637,9745.296387,9159.609375,10311.276074,466.519747,10,1.000000,1.000000,1.000000,1.000000,1.000000,0.000000,10,2.000000,2.000000,2.000000,2.000000,2.000000,0.000000,10,191104.000000,191094.400000,191088.000000,191088.000000,191104.000000,8.262364,10,2.000000,2.000000,2.000000,2.000000,2.000000,0.000000,,,,,,,,10,100.000000,100.000000,100.000000,100.000000,100.000000,0.000000,10,21.186000,15.019600,13.436000,11.309000,20.424600,3.847437
bookends_control,K_stock_bookends,warm,bookends_control,real_2692,2692,library_folder_enter,PASS,1,10,0,0,,,,,,,,10,1.098301,1.098301,1.098301,1.098301,1.098301,0.000000,,,,,,,,10,1.000000,1.000000,1.000000,1.000000,1.000000,0.000000,10,100.000000,100.000000,100.000000,100.000000,100.000000,0.000000,10,271.526367,222.868066,219.901367,186.845703,263.565234,35.089192,10,10702.081055,9884.860254,9962.299316,9364.861328,10573.222852,487.357577,10,1.000000,1.000000,1.000000,1.000000,1.000000,0.000000,10,2.000000,2.000000,2.000000,2.000000,2.000000,0.000000,10,191088.000000,191043.200000,191056.000000,190976.000000,191073.600000,35.216158,10,2.000000,2.000000,2.000000,2.000000,2.000000,0.000000,,,,,,,,10,100.000000,100.000000,100.000000,100.000000,100.000000,0.000000,10,11.733000,10.478900,10.859000,7.900000,11.458500,1.153801
bookends_control,K_stock_bookends,warm,bookends_control,real_2692,2692,library_next_page,UNSUPPORTED,1,0,0,10,,,,,,,,,,,,,,,,,,,,,,,,,,,,,,,,,,,,,,,,,,,,,,,,,,,,,,,,,,,,,,,,,,,,,,,,,,,,,,,,,,,,,,,,,,,,,,,,,,
bookends_control,K_stock_bookends,warm,bookends_control,real_2692,2692,library_prev_page,UNSUPPORTED,1,0,0,10,,,,,,,,,,,,,,,,,,,,,,,,,,,,,,,,,,,,,,,,,,,,,,,,,,,,,,,,,,,,,,,,,,,,,,,,,,,,,,,,,,,,,,,,,,,,,,,,,,
bookends_control,K_stock_bookends,warm,bookends_control,real_2692,2692,open_book,PASS,1,10,0,0,,,,,,,,10,11.000000,10.900000,11.000000,10.000000,11.000000,0.316228,,,,,,,,10,11.000000,10.900000,11.000000,10.000000,11.000000,0.316228,10,100.000000,100.000000,100.000000,100.000000,100.000000,0.000000,10,1265.147461,-502.869531,-636.319336,-2313.592773,816.898242,1060.447162,10,20960.245117,19361.087305,19165.616211,17891.971680,20656.964453,1095.412280,10,0.000000,0.000000,0.000000,0.000000,0.000000,0.000000,10,11.000000,10.900000,11.000000,10.000000,11.000000,0.316228,10,343840.000000,343088.000000,343680.000000,341280.000000,343840.000000,1085.408679,10,11.000000,10.900000,11.000000,10.000000,11.000000,0.316228,,,,,,,,10,100.000000,100.000000,100.000000,100.000000,100.000000,0.000000,10,107.788000,71.901400,71.033000,49.262000,86.904400,16.612073
bookends_control,K_stock_bookends,warm,bookends_control,real_2692,2692,open_book_minimal,PASS,1,10,0,0,,,,,,,,10,0.000000,0.000000,0.000000,0.000000,0.000000,0.000000,,,,,,,,10,0.000000,0.000000,0.000000,0.000000,0.000000,0.000000,10,0.000000,0.000000,0.000000,0.000000,0.000000,0.000000,10,1504.386719,105.050000,-106.659668,-1282.537109,1272.076855,945.399799,10,18196.798828,15304.629199,15214.359863,12921.651367,17701.834863,1731.631856,10,0.000000,0.000000,0.000000,0.000000,0.000000,0.000000,10,0.000000,0.000000,0.000000,0.000000,0.000000,0.000000,10,341280.000000,324824.000000,333016.000000,284864.000000,340992.000000,17468.431463,10,0.000000,0.000000,0.000000,0.000000,0.000000,0.000000,,,,,,,,10,0.000000,0.000000,0.000000,0.000000,0.000000,0.000000,10,237.752000,112.744000,104.986000,46.457000,150.206300,52.706711
bookends_control,K_stock_bookends,warm,bookends_control,real_2692,2692,reader_page_turn,PASS,1,10,0,0,,,,,,,,10,1.000000,1.000000,1.000000,1.000000,1.000000,0.000000,,,,,,,,10,1.000000,1.000000,1.000000,1.000000,1.000000,0.000000,10,100.000000,100.000000,100.000000,100.000000,100.000000,0.000000,10,57.246094,20.881836,15.690918,11.085938,37.172754,14.479044,10,20037.824219,18714.682520,18705.308594,17625.917969,19478.860059,784.026362,10,0.000000,0.000000,0.000000,0.000000,0.000000,0.000000,10,1.000000,1.000000,1.000000,1.000000,1.000000,0.000000,10,355152.000000,355152.000000,355152.000000,355152.000000,355152.000000,0.000000,10,1.000000,1.000000,1.000000,1.000000,1.000000,0.000000,,,,,,,,10,100.000000,100.000000,100.000000,100.000000,100.000000,0.000000,10,8.715000,8.302200,8.229000,7.532000,8.654700,0.352285
bookends_control,K_stock_bookends,warm,bookends_control,real_2692,2692,start_to_home,UNSUPPORTED,1,0,0,10,,,,,,,,,,,,,,,,,,,,,,,,,,,,,,,,,,,,,,,,,,,,,,,,,,,,,,,,,,,,,,,,,,,,,,,,,,,,,,,,,,,,,,,,,,,,,,,,,,
bookends_control,A_stock,warm,bookends_control,real_2692,2692,process:spawn_to_ui_ready_ms,PASS,1,1,0,0,,,,,,,,,,,,,,,,,,,,,,,,,,,,,,,,,,,,,,,,,,,,,,,,,,,,,,,,,,,,,,,,,,,,,,,,,,,,,,,,,,,,,,,,,,,,1,513.452625,513.452625,513.452625,513.452625,513.452625,0.000000
bookends_control,A_stock,warm,bookends_control,real_2692,2692,process:spawn_to_library_ready_ms,PASS,1,1,0,0,,,,,,,,,,,,,,,,,,,,,,,,,,,,,,,,,,,,,,,,,,,,,,,,,,,,,,,,,,,,,,,,,,,,,,,,,,,,,,,,,,,,,,,,,,,,1,950.335542,950.335542,950.335542,950.335542,950.335542,0.000000
bookends_control,A_stock,warm,bookends_control,real_2692,2692,process:spawn_to_process_exit_ms,PASS,1,1,0,0,,,,,,,,,,,,,,,,,,,,,,,,,,,,,,,,,,,,,,,,,,,,,,,,,,,,,,,,,,,,,,,,,,,,,,,,,,,,,,,,,,,,,,,,,,,,1,7472.864667,7472.864667,7472.864667,7472.864667,7472.864667,0.000000
bookends_control,K_stock_bookends,warm,bookends_control,real_2692,2692,process:spawn_to_ui_ready_ms,PASS,1,1,0,0,,,,,,,,,,,,,,,,,,,,,,,,,,,,,,,,,,,,,,,,,,,,,,,,,,,,,,,,,,,,,,,,,,,,,,,,,,,,,,,,,,,,,,,,,,,,1,540.413667,540.413667,540.413667,540.413667,540.413667,0.000000
bookends_control,K_stock_bookends,warm,bookends_control,real_2692,2692,process:spawn_to_library_ready_ms,PASS,1,1,0,0,,,,,,,,,,,,,,,,,,,,,,,,,,,,,,,,,,,,,,,,,,,,,,,,,,,,,,,,,,,,,,,,,,,,,,,,,,,,,,,,,,,,,,,,,,,,1,981.647542,981.647542,981.647542,981.647542,981.647542,0.000000
bookends_control,K_stock_bookends,warm,bookends_control,real_2692,2692,process:spawn_to_process_exit_ms,PASS,1,1,0,0,,,,,,,,,,,,,,,,,,,,,,,,,,,,,,,,,,,,,,,,,,,,,,,,,,,,,,,,,,,,,,,,,,,,,,,,,,,,,,,,,,,,,,,,,,,,1,8945.412250,8945.412250,8945.412250,8945.412250,8945.412250,0.000000
bookends_control,A_stock,warm,bookends_control,real_2692,2692,memory:post_init_idle,PASS,1,1,0,0,,,,,,,,,,,,,,,1,8398.853516,8398.853516,8398.853516,8398.853516,8398.853516,0.000000,,,,,,,,,,,,,,,,,,,,,,1,14561.414062,14561.414062,14561.414062,14561.414062,14561.414062,0.000000,,,,,,,,,,,,,,,1,166432.000000,166432.000000,166432.000000,166432.000000,166432.000000,0.000000,,,,,,,,,,,,,,,,,,,,,,,,,,,,
bookends_control,A_stock,warm,bookends_control,real_2692,2692,memory:post_library_render_idle,PASS,1,1,0,0,,,,,,,,,,,,,,,1,8313.974609,8313.974609,8313.974609,8313.974609,8313.974609,0.000000,,,,,,,,,,,,,,,,,,,,,,1,8905.386719,8905.386719,8905.386719,8905.386719,8905.386719,0.000000,,,,,,,,,,,,,,,1,188672.000000,188672.000000,188672.000000,188672.000000,188672.000000,0.000000,,,,,,,,,,,,,,,,,,,,,,,,,,,,
bookends_control,A_stock,warm,bookends_control,real_2692,2692,memory:post_reader_live_heap,PASS,1,1,0,0,,,,,,,,,,,,,,,1,10573.294922,10573.294922,10573.294922,10573.294922,10573.294922,0.000000,,,,,,,,,,,,,,,,,,,,,,1,10574.294922,10574.294922,10574.294922,10574.294922,10574.294922,0.000000,,,,,,,,,,,,,,,1,348960.000000,348960.000000,348960.000000,348960.000000,348960.000000,0.000000,,,,,,,,,,,,,,,,,,,,,,,,,,,,
bookends_control,A_stock,warm,bookends_control,real_2692,2692,memory:post_stress_idle,PASS,1,1,0,0,,,,,,,,,,,,,,,1,12140.873047,12140.873047,12140.873047,12140.873047,12140.873047,0.000000,,,,,,,,,,,,,,,,,,,,,,1,13602.152344,13602.152344,13602.152344,13602.152344,13602.152344,0.000000,,,,,,,,,,,,,,,1,348960.000000,348960.000000,348960.000000,348960.000000,348960.000000,0.000000,,,,,,,,,,,,,,,,,,,,,,,,,,,,
bookends_control,K_stock_bookends,warm,bookends_control,real_2692,2692,memory:post_init_idle,PASS,1,1,0,0,,,,,,,,,,,,,,,1,8969.582031,8969.582031,8969.582031,8969.582031,8969.582031,0.000000,,,,,,,,,,,,,,,,,,,,,,1,9750.329102,9750.329102,9750.329102,9750.329102,9750.329102,0.000000,,,,,,,,,,,,,,,1,166528.000000,166528.000000,166528.000000,166528.000000,166528.000000,0.000000,,,,,,,,,,,,,,,,,,,,,,,,,,,,
bookends_control,K_stock_bookends,warm,bookends_control,real_2692,2692,memory:post_library_render_idle,PASS,1,1,0,0,,,,,,,,,,,,,,,1,9033.753906,9033.753906,9033.753906,9033.753906,9033.753906,0.000000,,,,,,,,,,,,,,,,,,,,,,1,9945.632812,9945.632812,9945.632812,9945.632812,9945.632812,0.000000,,,,,,,,,,,,,,,1,190624.000000,190624.000000,190624.000000,190624.000000,190624.000000,0.000000,,,,,,,,,,,,,,,,,,,,,,,,,,,,
bookends_control,K_stock_bookends,warm,bookends_control,real_2692,2692,memory:post_reader_live_heap,PASS,1,1,0,0,,,,,,,,,,,,,,,1,16468.708984,16468.708984,16468.708984,16468.708984,16468.708984,0.000000,,,,,,,,,,,,,,,,,,,,,,1,16469.708984,16469.708984,16469.708984,16469.708984,16469.708984,0.000000,,,,,,,,,,,,,,,1,355152.000000,355152.000000,355152.000000,355152.000000,355152.000000,0.000000,,,,,,,,,,,,,,,,,,,,,,,,,,,,
bookends_control,K_stock_bookends,warm,bookends_control,real_2692,2692,memory:post_stress_idle,PASS,1,1,0,0,,,,,,,,,,,,,,,1,23044.378906,23044.378906,23044.378906,23044.378906,23044.378906,0.000000,,,,,,,,,,,,,,,,,,,,,,1,23053.101562,23053.101562,23053.101562,23053.101562,23053.101562,0.000000,,,,,,,,,,,,,,,1,355152.000000,355152.000000,355152.000000,355152.000000,355152.000000,0.000000,,,,,,,,,,,,,,,,,,,,,,,,,,,,
bookends_control,A_stock,warm,bookends_control,real_2692,2692,disk:ko_home,PASS,1,1,0,0,1,258631.000000,258631.000000,258631.000000,258631.000000,258631.000000,0.000000,,,,,,,,,,,,,,,,,,,,,,,,,,,,,,,,,,,,,,,,,,,,,,,,,,,,,,,,,,,,,,,,,,,,,,,1,5912183.000000,5912183.000000,5912183.000000,5912183.000000,5912183.000000,0.000000,,,,,,,,,,,,,,
bookends_control,K_stock_bookends,warm,bookends_control,real_2692,2692,disk:ko_home,PASS,1,1,0,0,1,254535.000000,254535.000000,254535.000000,254535.000000,254535.000000,0.000000,,,,,,,,,,,,,,,,,,,,,,,,,,,,,,,,,,,,,,,,,,,,,,,,,,,,,,,,,,,,,,,,,,,,,,,1,5915634.000000,5915634.000000,5915634.000000,5915634.000000,5915634.000000,0.000000,,,,,,,,,,,,,,
